,WT,M1,M2,Res(WT),278K_WT,288K_WT,298K_WT,303K_WT,Res(M1),278K_M1,288K_M1,298K_M1,303K_M1,Res(M2),278K_M2,288K_M2,298K_M2,303K_M2
0,G,G,G,1,0.87451,0.79294,0.81278,0.82888,1,0.74993,0.76557,0.81371,0.84418,1,0.8515,0.68427,0.79519,0.73262
1,V,V,V,2,0.85686,0.70063,0.82042,0.83749,2,0.76966,0.78776,0.81679,0.81748,2,0.85229,0.82023,0.86566,0.7505
2,K,K,K,3,0.83871,0.69362,0.89991,0.87707,3,0.76163,0.79864,0.88607,0.85794,3,0.85308,0.82117,0.94303,0.79007
3,R,R,R,4,0.84266,0.58464,0.851605,0.785515,4,0.78854,0.73243,0.8317950000000001,0.824355,4,0.87031,0.86202,0.8716900000000001,0.792475
4,K,A,K,5,0.8336,0.62682,0.8033,0.69396,5,0.78401,0.70413,0.77752,0.79077,5,0.8615,0.72356,0.80035,0.79488
5,I,I,I,6,0.90573,0.74761,0.83768,0.72937,6,0.74522,0.7277,0.77542,0.77865,6,0.88505,0.85176,0.89243,0.90506
6,P,P,P,7,0.91645,0.783655,0.851185,0.73018,7,0.7503949999999999,0.720405,0.72897,0.8026949999999999,7,0.88012,0.85347,0.928755,0.926015
7,L,L,L,8,0.92717,0.8197,0.86469,0.73099,8,0.75557,0.71311,0.68252,0.82674,8,0.87519,0.85518,0.96508,0.94697
8,M,M,M,9,0.96727,0.86495,0.85215,0.75351,9,0.78602,0.71414,0.66111,0.84776,9,0.8653633333333334,0.8099033333333334,0.97049,1.00887
9,L,L,L,10,0.96959,0.8556266666666666,0.84482,0.7694933333333334,10,0.83885,0.71009,0.68211,0.86976,10,0.8555366666666666,0.7646266666666667,0.89711,0.89123
10,N,N,N,11,0.97191,0.8463033333333333,0.83749,0.7854766666666666,11,0.84355,0.77674,0.81565,0.83422,11,0.84571,0.71935,0.88687,0.84574
11,D,D,D,12,0.97423,0.83698,0.83016,0.80146,12,0.87212,0.8083,0.84907,0.83936,12,0.86429,0.806465,0.85713,0.92822
12,S,S,D,13,0.96418,0.85751,0.83671,0.88145,13,0.88978,0.81512,0.83606,0.83879,13,0.87548,0.89358,0.82739,1.0107
13,G,G,G,14,0.98017,0.87394,0.84582,0.92191,14,0.89465,0.81213,0.80969,0.84044,14,0.88493,0.85341,0.8538,0.95768
14,S,S,S,15,0.95273,0.82426,0.84367,0.88215,15,0.72762,0.79051,0.75696,0.80673,15,0.89438,0.81324,0.84783,0.86386
15,A,A,A,16,0.94597,0.77371,0.81427,0.86013,16,0.65386,0.78349,0.73786,0.80074,16,0.89438,0.81324,0.84838,0.83904
16,H,H,H,17,0.90577,0.73503,0.77115,0.82856,17,0.697585,0.740545,0.648025,0.76444,17,0.853815,0.753775,0.8342683333333334,0.8123083333333333
17,S,S,S,18,0.92048,0.7121,0.73972,0.83046,17,0.74131,0.6976,0.55819,0.72814,18,0.81325,0.69431,0.8201566666666666,0.7855766666666667
18,M,M,M,19,0.87692,0.6688733333333333,0.7492825000000001,0.7810025,17,0.7425466666666667,0.7018833333333333,0.6391366666666667,0.7592066666666667,19,0.80275,0.6785675,0.806045,0.758845
19,P,P,P,20,0.86502,0.6256466666666667,0.758845,0.731545,17,0.7437833333333334,0.7061666666666667,0.7200833333333333,0.7902733333333333,20,0.80335,0.662825,0.7919333333333334,0.7321133333333333
20,K,K,K,21,0.85312,0.58242,0.7684075,0.6820875,21,0.74502,0.71045,0.80103,0.82134,21,0.80395,0.6470825,0.7778216666666666,0.7053816666666667
21,Y,Y,Y,22,0.7791,0.56971,0.77797,0.63263,22,0.73993,0.70381,0.76727,0.79585,22,0.75703,0.63134,0.76371,0.67865
22,S,S,S,23,0.77724,0.5683,0.77632,0.64051,23,0.76367,0.72178,0.77443,0.76997,23,0.7878,0.72296,0.80995,0.67865
23,R,R,R,24,0.7760050000000001,0.5704450000000001,0.759965,0.630375,24,0.77866,0.71257,0.7699,0.773955,24,0.77722,0.75815,0.7645,0.684835
24,Q,Q,Q,25,0.77477,0.57259,0.74361,0.62024,25,0.76142,0.72265,0.76537,0.77794,25,0.7766,0.7656733333333333,0.80321,0.69102
25,F,F,F,26,0.77523,0.56722,0.76018,0.61448,26,0.72427,0.70057,0.80301,0.80142,26,0.73039,0.7731966666666666,0.76718,0.674375
26,S,D,S,27,0.76692,0.61821,0.80078,0.64183,27,0.71938,0.767,0.85734,0.82877,27,0.72812,0.78072,0.73115,0.65773
27,L,L,L,28,0.7948850000000001,0.655135,0.834795,0.66299,28,0.77537,0.77464,0.87448,0.85437,28,0.8705050000000001,0.7429,0.843355,0.811705
28,E,E,E,29,0.82285,0.69206,0.86881,0.68415,29,0.79513,0.77396,0.82851,0.82642,29,1.01289,1.01429,0.95556,0.96568
29,H,H,H,30,0.81428,0.73978,0.90206,0.78826,30,0.80588,0.68022,0.78729,0.76623,30,0.90804,0.88928,0.9159,0.96568
30,V,V,V,31,0.82704,0.71905,0.88081,0.79436,31,0.78163,0.67818,0.73744,0.7138,31,0.91026,0.90237,0.8392,0.85893
31,H,H,H,32,0.78586,0.7246,0.80656,0.96992,32,0.77322,0.67331,0.68519,0.731735,32,0.72621,0.65344,0.70183,0.75218
32,G,G,G,33,0.81887,0.79174,0.79125,0.96373,33,0.80093,0.73758,0.63294,0.74967,33,0.88766,0.71876,0.66253,0.74741
33,S,S,S,34,0.85022,0.84339,0.7951,0.99279,34,0.82172,0.75527,0.6951,0.77927,34,0.92982,0.76068,0.72436,0.79813
34,G,G,G,35,0.85923,0.8252,0.85237,0.92121,35,0.8509,0.76368,0.80463,0.82877,35,0.98797,0.81033,0.83634,0.82665
35,P,P,P,36,0.861275,0.7805,0.85771,0.896345,36,0.8363499999999999,0.71504,0.8115600000000001,0.83737,36,0.927605,0.796035,0.86157,0.83134
36,Y,Y,Y,37,0.86332,0.7358,0.86305,0.87148,37,0.8218,0.6664,0.81849,0.84597,37,0.86724,0.78174,0.8868,0.83603
37,S,S,S,38,0.85984,0.72213,0.88134,0.85847,38,0.81097,0.67572,0.83837,0.84903,38,0.86679,0.78708,0.90669,0.84072
38,A,A,A,39,0.86027,0.65088,0.85274,0.73098,39,0.82052,0.71806,0.8278,0.84381,39,0.87096,0.78465,0.91048,0.84871
39,P,P,P,40,0.8628724999999999,0.6663225,0.856485,0.734825,40,0.813845,0.771055,0.817075,0.834445,40,0.89619,0.8262499999999999,0.93068,0.858215
40,S,S,S,41,0.865475,0.681765,0.86023,0.7386699999999999,41,0.80717,0.82405,0.80635,0.82508,41,0.894785,0.86785,0.9077824999999999,0.86772
41,P,P,P,42,0.8680775000000001,0.6972075,0.863975,0.742515,42,0.81022,0.8219099999999999,0.80423,0.8217300000000001,42,0.8933800000000001,0.8653649999999999,0.8848849999999999,0.8516133333333333
42,A,A,A,43,0.87068,0.71265,0.86772,0.74636,43,0.81327,0.81977,0.80211,0.81838,43,0.891975,0.86288,0.8619875,0.8355066666666667
43,Y,Y,Y,44,0.86739,0.6923,0.83796,0.7358,44,0.80842,0.79513,0.76007,0.796,44,0.89057,0.8553,0.83909,0.8194
44,S,S,S,45,0.85992,0.77855,0.79923,0.79095,45,0.81125,0.76622,0.73144,0.7707,45,0.84763,0.79158,0.83909,0.8194
45,S,S,S,46,0.89532,0.81537,0.74696,0.83041,46,0.82588,0.77794,0.68626,0.75684,46,0.79032,0.78933,0.8824133333333334,0.8640566666666667
46,S,S,S,47,0.90327,0.81908,0.7126,0.82209,47,0.82546,0.77187,0.67077,0.74767,47,0.79339,0.82032,0.9257366666666667,0.9087133333333334
47,S,S,S,48,0.93585,0.81025,0.77031,0.82786,48,0.84014,0.811,0.75753,0.79752,48,0.84358,0.8563,0.96906,0.95337
48,L,L,L,49,0.9129,0.77858,0.83532,0.79034,49,0.82247,0.79237,0.81748,0.83251,49,0.91454,0.86903,0.98138,0.93363
49,Y,Y,Y,50,0.92089,0.80757,0.91398,0.81107,50,0.82605,0.80848,0.89166,0.87773,50,0.92993,0.86597,0.97503,0.8928
50,A,A,A,51,0.91769,0.77455,0.96098,0.76024,51,0.83306,0.82455,0.85016,0.89036,51,0.93366,0.81904,0.99254,0.90067
51,P,P,P,52,0.92154,0.7892399999999999,0.96363,0.7741100000000001,52,0.84186,0.832535,0.84538,0.8805200000000001,52,0.9424600000000001,0.82883,1.0101566666666666,0.90514
52,D,D,D,53,0.92539,0.80393,0.96628,0.78798,53,0.85066,0.84052,0.8406,0.87068,53,0.95126,0.83862,1.0277733333333334,0.9096099999999999
53,A,A,A,54,0.91724,0.76145,0.97743,0.76654,54,0.77038,0.82304,0.81609,0.86084,54,0.95921,0.85512,1.04539,0.91408
54,V,V,V,55,0.94288,0.83136,0.96085,0.84232,55,0.77695,0.81214,0.8821,0.87559,55,0.9471050000000001,0.93666,1.03195,0.91855
55,A,A,A,56,0.90824,0.84247,0.92795,0.8168,56,0.78719,0.81408,0.86098,0.85505,56,0.935,0.93871,0.95571,0.92302
56,S,S,S,57,0.93378,0.90639,0.88214,0.8642749999999999,57,0.88628,0.8307,0.83777,0.85181,57,0.93541,0.92999,0.86716,0.90193
57,S,S,S,58,0.93289,0.92028,0.87211,0.91175,58,0.89582,0.8317,0.82979,0.84634,58,0.93883,0.93515,0.85487,0.9003
58,G,G,G,59,0.98157,0.90926,0.89418,0.90597,59,0.88894,0.83324,0.85901,0.86884,59,0.97264,0.93908,0.91376,0.87254
59,P,P,P,60,0.97692,0.9050199999999999,0.91527,0.9022650000000001,60,0.88354,0.837695,0.8786700000000001,0.88239,60,0.978945,0.9414750000000001,0.95662,0.88672
60,I,I,I,61,0.97227,0.90078,0.93636,0.89856,61,0.87814,0.84215,0.89833,0.89594,61,0.98525,0.94387,0.99948,0.9009
61,I,I,I,62,0.95717,0.87915,0.93382,0.87989,62,0.86555,0.83437,0.9014,0.88786,62,0.9683,0.92919,0.98793,0.8885
62,S,S,S,63,0.94615,0.88691,0.9378,0.87263,63,0.86072,0.82058,0.89291,0.90676,63,0.93231,0.92303,0.98469,0.93244
63,D,D,D,64,0.81966,0.87483,0.90354,0.887725,64,0.87744,0.80368,0.90791,0.89964,64,0.91145,0.92112,0.986818,0.9402
64,I,I,I,65,0.81228,0.88833,0.86928,0.90282,65,0.89416,0.80835,0.91999,0.88582,65,0.901115,0.91921,0.988946,0.94796
65,T,T,T,66,0.80794,0.8776,0.89624,0.9158,66,0.97861,0.82898,0.92274,0.89886,66,0.89078,0.9173,0.991074,0.95572
66,E,E,E,67,0.90331,0.87751,0.92944,0.90828,67,0.97767,0.84255,0.92481,0.90056,67,0.880445,0.9153899999999999,0.993202,0.96348
67,L,L,L,68,0.91639,0.88265,0.94461,0.90531,68,0.9579,0.81957,0.90552,0.9194,68,0.87011,0.91348,0.99533,0.97124
68,A,A,A,69,0.92636,0.90307,0.9516,0.90041,69,0.86542,0.81354,0.9155,0.89115,69,0.91466,0.92874,1.02302,0.99295
69,P,P,P,70,0.97553,0.922135,0.9489000000000001,0.9116850000000001,70,0.8827849999999999,0.816465,0.912525,0.890835,70,0.94798,0.94335,1.020345,0.99108
70,A,A,A,71,1.0247,0.9412,0.9462,0.92296,71,0.90015,0.81939,0.90955,0.89052,71,0.9813,0.95796,1.01767,0.98921
71,S,S,S,72,1.02943,0.9455366666666667,0.94797,0.93979,72,0.91387,0.84184,0.94247,0.90024,72,0.99568,0.96547,1.00402,0.99635
72,P,P,P,73,1.036155,0.9498733333333333,0.94089,0.941705,73,0.918725,0.8429850000000001,0.9396,0.895235,73,0.99588,0.971185,0.98316,0.990135
73,M,M,M,74,1.04288,0.95421,0.93381,0.94362,74,0.92358,0.84413,0.93673,0.89023,74,0.99608,0.9769,0.9623,0.98392
74,A,A,A,75,0.9694,0.94421,0.93657,0.90748,75,0.87249,0.85103,0.88533,0.86316,75,1.01248,0.98137,0.94917,0.98459
75,S,S,S,76,0.98689,0.94373,0.90541,0.89122,76,0.87683,0.85711,0.83292,0.83999,76,0.99743,0.93904,0.94175,0.94268
76,P,P,P,77,0.9876,0.95241,0.904165,0.8976500000000001,77,0.8809100000000001,0.86119,0.831175,0.84175,77,1.00556,0.942755,0.936265,0.93756
77,G,G,G,78,0.98831,0.96109,0.90292,0.90408,78,0.88499,0.86527,0.82943,0.84351,78,1.01369,0.94647,0.93078,0.93244
78,G,G,G,79,1.01721,0.98059,0.88302,0.96534,79,0.95848,0.83917,0.79339,0.84987,79,1.01914,0.93209,0.88245,0.9298
79,S,S,S,80,0.98823,0.97969,0.92371,0.9832,80,0.95137,0.82382,0.82878,0.87598,80,1.01822,0.949635,0.9016,0.97097
80,I,I,I,81,0.96232,0.97116,0.96956,0.98154,81,0.96519,0.79711,0.79753,0.86907,81,0.98481,0.96718,0.89224,0.97227
81,D,D,D,82,0.9548399999999999,0.9692149999999999,0.99652,0.9737199999999999,82,0.92182,0.852935,0.8561399999999999,0.88451,82,0.96404,0.96718,0.9343400000000001,0.9591999999999999
82,E,E,E,83,0.94736,0.96727,1.02348,0.9659,83,0.87845,0.90876,0.91475,0.89995,83,0.97465,0.9796549999999999,0.97644,0.94613
83,R,R,R,84,0.96022,0.96639,0.9797666666666667,0.9623966666666667,84,0.87985,0.88125,0.87444,0.93921,84,0.98139,0.99213,1.01854,0.93306
84,P,P,P,85,0.963085,0.9604550000000001,0.9360533333333333,0.9588933333333333,85,0.882905,0.86581,0.848255,0.92945,85,0.979405,1.00203,0.9812799999999999,0.93306
85,L,L,L,86,0.96595,0.95452,0.89234,0.95539,86,0.88596,0.85037,0.82207,0.91969,86,0.97742,1.01193,0.94402,0.93306
86,S,S,S,87,0.97021,0.93161,0.84595,0.9445,87,0.86296,0.83405,0.74757,0.8879,87,0.9728,1.02263,0.88424,0.946568
87,S,S,S,88,0.97239,0.9214,0.76085,0.87413,88,0.85331,0.833,0.74167,0.78738,88,0.9496,1.0127,0.90984,0.9600759999999999
88,S,S,S,89,0.9638866666666667,0.93196,0.81444,0.85027,89,0.83711,0.83529,0.77542,0.81472,89,0.9264,1.00277,0.93544,0.973584
89,P,P,P,90,0.9553833333333334,0.94252,0.845875,0.854155,90,0.84754,0.839695,0.82321,0.8344849999999999,90,0.9032,0.99284,0.96104,0.987092
90,L,L,L,91,0.94688,0.95308,0.87731,0.85804,91,0.85797,0.8441,0.871,0.85425,91,0.88,0.98291,0.98664,1.0006
91,V,V,V,92,0.94692,0.95097,0.96282,0.97129,92,0.86325,0.84723,0.91202,0.90077,92,0.8568,0.97298,0.94813,0.99682
92,R,R,R,93,0.95814,0.95807,0.84239,0.97709,93,0.87041,0.84586,0.91485,0.89362,93,0.89407,0.98255,0.91786,0.99677
93,V,V,V,94,0.94391,0.9971,0.85401,0.975055,94,0.857335,0.846905,0.9091450000000001,0.898425,94,0.89157,0.97432,0.90631,0.9303
94,K,A,K,95,0.95063,1.00328,0.85238,0.97302,95,0.84426,0.84795,0.90344,0.90323,95,0.96119,0.96585,0.89476,0.86383
95,E,E,E,96,0.94235,0.99791,0.97273,0.97119,96,0.84485,0.83755,0.90371,0.90292,96,0.9667,0.96433,0.94267,0.919
96,E,E,E,97,0.96016,0.95175,0.9563,0.94855,97,0.86632,0.8224,0.86799,0.87571,97,0.96507,0.95943,0.94921,1.01876
97,P,P,P,98,0.957905,0.936955,0.94947,0.9361633333333333,98,0.8642933333333334,0.8227333333333333,0.8700166666666667,0.87296,98,0.9574866666666667,0.9562933333333333,0.97406,1.0170066666666668
98,P,P,P,99,0.95565,0.92216,0.94264,0.9237766666666667,99,0.8622666666666666,0.8230666666666667,0.8720433333333334,0.87021,99,0.9499033333333333,0.9531566666666667,0.99891,1.0152533333333333
99,S,S,D,100,0.953395,0.907365,0.93581,0.9113899999999999,100,0.86024,0.8234,0.87407,0.86746,100,0.94232,0.95002,1.02376,1.0135
100,P,P,P,101,0.95114,0.89257,0.92898,0.8990033333333333,101,0.8458,0.81977,0.8594466666666667,0.8549433333333334,101,0.9329066666666667,0.94608,1.01708,1.0179575
101,P,P,P,102,0.948885,0.877775,0.92215,0.8866166666666666,102,0.83136,0.81614,0.8448233333333334,0.8424266666666667,102,0.9234933333333334,0.94214,1.0104,1.022415
102,Q,Q,Q,103,0.94663,0.86298,0.91532,0.87423,103,0.81692,0.81251,0.8302,0.82991,103,0.91408,0.9382,1.00372,1.0268725
103,S,S,D,104,0.96535,0.86973,0.9063,0.87408,104,0.8028,0.82174,0.85898,0.83845,104,0.94721,0.954,1.0604,1.03133
104,P,P,P,105,0.946005,0.837415,0.90105,0.836355,105,0.794955,0.813075,0.84632,0.827945,105,0.9630375,0.9594925,1.04979,1.0275766666666668
105,R,R,R,106,0.92666,0.8051,0.8958,0.79863,106,0.78711,0.80441,0.83366,0.81744,106,0.9788650000000001,0.964985,1.03918,1.0238233333333333
106,V,V,V,107,0.93998,0.88477,0.936415,0.87791,107,0.82918,0.826905,0.9053199999999999,0.85694,107,0.9946925000000001,0.9704775,1.07251,1.02007
107,E,E,E,108,0.94361,0.88143,0.97703,0.8672,108,0.87125,0.8494,0.97698,0.89644,108,1.01052,0.97597,1.06475,1.01849
108,E,E,E,109,0.97581,0.95404,0.98363,0.95185,109,0.87285,0.85106,0.95469,0.9047,109,0.99951,0.96077,1.05925,1.01691
109,A,A,A,110,0.99024,0.965325,0.9723,0.94928,110,0.87792,0.85317,0.94369,0.90619,110,1.00155,0.97143,1.03807,1.01691
110,S,S,S,111,0.98583,0.97661,0.94659,0.94998,111,0.87574,0.859,0.902,0.89832,111,0.99898,0.97094,0.98737,1.0124
111,P,P,P,112,0.989445,0.9879199999999999,0.93403,0.9474800000000001,112,0.876505,0.86362,0.909945,0.89688,112,1.011015,0.97297,0.9946550000000001,1.00789
112,G,G,G,113,0.99306,0.99923,0.92147,0.94498,113,0.87727,0.86824,0.91789,0.89544,113,1.02305,0.975,1.00194,1.00338
113,R,R,R,114,0.98742,0.9951,0.8945533333333333,0.9324966666666666,114,0.88576,0.87019,0.92128,0.89379,114,1.02262,0.96973,0.96565,0.98159
114,P,P,P,115,0.9786699999999999,0.985995,0.8676366666666667,0.9200133333333333,115,0.89028,0.8697600000000001,0.92255,0.9045749999999999,115,1.016835,0.96349,0.94649,0.96976
115,S,S,S,116,0.96992,0.97689,0.84072,0.90753,116,0.8948,0.86933,0.92382,0.91536,116,1.01105,0.95725,0.92733,0.95793
116,S,D,S,117,0.97678,0.9431,0.87011,0.90247,117,0.89695,0.85059,0.92077,0.96591,117,0.99174,0.9646,0.85162,0.92069
117,V,V,V,118,0.97322,0.9565966666666667,0.89143,0.89504,118,0.89566,0.84227,0.92453,1.00383,118,0.961435,0.965275,0.985245,0.96704
118,D,D,D,119,0.978835,0.9700933333333334,0.89984,0.88913,119,0.88224,0.847505,0.92882,0.93997,119,0.93113,0.96595,1.11887,1.01339
119,T,T,E,120,0.98445,0.98359,0.90825,0.88322,120,0.86882,0.85274,0.93311,0.87611,120,0.94321,0.95524,1.09179,1.0204300000000002
120,L,L,L,121,0.96923,0.97187,0.92205,0.88755,121,0.86166,0.84681,0.91854,0.85813,121,0.95347,0.93407,1.08074,1.02747
121,L,L,L,122,0.95381,0.96887,0.9154,0.88813,122,0.82131,0.82479,0.82806,0.84565,122,0.97405,0.90067,0.92806,0.93823
122,S,D,S,123,0.95315,0.94493,0.93993,0.90046,123,0.81517,0.81736,0.82186,0.85577,123,0.95736,0.90575,0.89275,0.91602
123,P,P,P,124,0.9540150000000001,0.9405300000000001,0.9304250000000001,0.895735,124,0.8153699999999999,0.8160000000000001,0.82745,0.86649,124,0.948685,0.91259,0.879595,0.905465
124,T,T,T,125,0.95488,0.93613,0.92092,0.89101,125,0.81557,0.81464,0.83304,0.87721,125,0.94001,0.91943,0.86644,0.89491
125,A,A,A,126,1.05331,0.92502,0.93428,0.8787,126,0.84957,0.80592,0.89167,0.88049,126,0.98131,0.95498,0.96671,0.97587
126,L,L,L,127,1.03315,0.924345,0.91765,0.89089,127,0.84886,0.8018,0.90775,0.87718,127,0.98225,1.00542,0.935,0.97946
127,I,I,I,128,1.02955,0.92367,0.9266,0.91121,128,0.8502,0.79559,0.89851,0.87887,128,1.01219,1.03337,0.93112,0.9745966666666667
128,D,D,D,129,0.97926,0.9222,0.918455,0.914385,129,0.82535,0.7915,0.9275,0.8825,129,0.95814,0.99149,0.9456199999999999,0.9697333333333333
129,S,D,S,130,0.92897,0.92073,0.91031,0.91756,130,0.82359,0.76524,0.85624,0.81092,130,0.90409,0.94961,0.96012,0.96487
130,I,I,I,131,0.93421,0.90883,0.92085,0.90042,131,0.81274,0.76548,0.85245,0.82633,131,0.90246,0.94211,0.9637,0.95654
131,L,L,L,132,0.88668,0.9098,0.90618,0.79261,132,0.83957,0.78543,0.8356,0.82773,132,0.90317,0.93821,0.91607,0.95379
132,R,R,R,133,0.86529,0.90728,0.90773,0.79218,133,0.83842,0.74337,0.76942,0.91005,133,0.9418,0.9427166666666666,0.88133,0.87594
133,E,E,E,134,0.9133249999999999,0.9842599999999999,0.90564,0.79332,134,0.85494,0.75004,0.79163,0.8917,134,0.98043,0.9472233333333333,0.85706,0.84397
134,S,S,S,135,0.96136,1.06124,0.91838,0.87338,135,0.85621,0.71758,0.74321,0.89637,135,0.98043,0.95173,0.88235,0.8668
135,E,E,E,136,0.9644533333333333,1.0512733333333333,0.92568,0.87792,136,0.8638233333333334,0.75468,0.7904833333333333,0.90485,136,0.9843366666666666,0.95578,0.9239233333333333,0.8896299999999999
136,P,P,P,137,0.9675466666666667,1.0413066666666666,0.93298,0.88246,137,0.8714366666666666,0.7917799999999999,0.8377566666666667,0.91333,137,0.9882433333333334,0.95983,0.9654966666666666,0.9124599999999999
137,A,A,A,138,0.97064,1.03134,0.94028,0.887,138,0.87905,0.82888,0.88503,0.92181,138,0.99215,0.96388,1.00707,0.93529
138,P,P,P,139,0.97651,1.03778,0.9361550000000001,0.889265,139,0.87835,0.837445,0.881895,0.9111750000000001,139,0.996705,0.96793,0.9901899999999999,0.93872
139,A,A,A,140,0.98238,1.04422,0.93203,0.89153,140,0.87765,0.84601,0.87876,0.90054,140,1.00126,0.97198,0.97331,0.94215
140,S,S,S,141,0.99301,0.96903,0.91728,0.92435,141,0.87526,0.86609,0.91932,0.88621,141,1.00105,0.98846,0.97067,0.99144
141,V,V,V,142,0.97854,0.96415,0.89868,0.95717,142,0.87726,0.86618,0.91535,0.87946,142,1.10515,1.00669,0.95845,0.98324
142,T,T,T,143,0.96887,0.9515,0.91951,0.95544,143,0.88299,0.85749,0.89802,0.89107,143,1.10377,1.0073750000000001,0.97666,0.99464
143,A,A,A,144,0.94951,0.93656,0.92066,0.93935,144,0.90279,0.90474,0.8747,0.89337,144,1.14817,1.00806,0.96564,0.97337
144,L,L,L,145,0.96463,0.94574,0.98277,0.92726,145,0.91145,0.9007,0.8874,0.9020349999999999,145,1.0794899999999998,0.9949349999999999,0.96686,0.9760800000000001
145,T,T,T,146,0.98247,0.96459,1.00599,0.92443,146,0.90558,0.91835,0.9001,0.9107,146,1.01081,0.98181,0.96808,0.97879
146,D,D,D,147,0.99089,0.9831,0.971745,0.93745,147,0.88504,0.86802,0.88851,0.89559,147,1.01113,0.97435,0.95769,0.97892
147,A,A,A,148,1.03396,0.98448,0.9375,0.94786,148,0.8856,0.8794,0.89066,0.90842,148,1.02,0.97255,0.89709,0.9199
148,R,R,R,149,1.0197,1.01961,0.91888,0.97074,149,0.89562,0.85535,0.86907,0.88045,149,1.01457,0.97826,0.88519,0.90871
149,G,G,G,150,1.03932,1.04354,0.88651,0.92438,150,0.90051,0.85281,0.89902,0.85503,150,0.85621,0.91648,0.8885,0.88954
150,H,H,H,151,1.02352,1.01054,0.85224,0.95709,151,1.0342,0.8604233333333333,0.81138,0.84089,151,0.8116,0.86034,0.93324,0.9257
151,T,T,T,152,1.00772,0.97754,0.87071,0.93218,152,1.16789,0.8680366666666667,0.8173,0.83548,152,0.82232,0.85359,0.944145,0.946375
152,D,D,D,153,1.00205,0.98052,0.90734,0.97825,153,1.07942,0.87565,0.79091,0.85891,153,0.94919,0.9281,0.95505,0.96705
153,T,T,T,154,0.97848,0.97638,0.93016,0.76206,154,0.95044,0.84672,0.89651,0.88057,154,1.01762,1.012,1.01671,0.95068
154,E,E,E,155,0.98231,0.97845,0.9259649999999999,0.76628,155,1.01303,0.83917,0.92151,0.89478,155,1.01942,1.01947,1.03426,0.96915
155,G,G,G,156,1.00469,0.98177,0.92177,0.67621,156,0.98824,0.84411,0.9682,0.85345,156,1.01288,0.99955,1.03927,0.96926
156,R,R,R,157,1.02021,0.98201,0.917225,0.70755,157,0.92114,0.85606,0.94973,0.85015,157,0.96189,0.97396,1.01348,1.0193
157,P,P,P,158,0.9942442857142858,0.9788514285714286,0.9126799999999999,0.73889,158,0.8976433333333333,0.8522833333333334,0.9441266666666667,0.84224,158,0.9566466666666666,0.9719266666666667,1.01914,1.0218566666666666
158,P,P,P,159,0.9682785714285714,0.9756928571428571,0.908135,0.77023,159,0.8741466666666666,0.8485066666666666,0.9385233333333333,0.83433,159,0.9514033333333334,0.9698933333333334,1.0248,1.0244133333333334
159,S,S,D,160,0.9423128571428572,0.9725342857142857,0.90359,0.80157,160,0.85065,0.84473,0.93292,0.82642,160,0.94616,0.96786,1.03046,1.02697
160,P,P,P,161,0.9163471428571429,0.9693757142857143,0.899045,0.83291,161,0.87476,0.8346475,0.9095,0.8328375,161,0.95439,0.9694325,1.0231075,1.0280575
161,P,P,P,162,0.8903814285714287,0.9662171428571429,0.8945000000000001,0.86425,162,0.8988700000000001,0.824565,0.88608,0.8392550000000001,162,0.96262,0.971005,1.015755,1.029145
162,P,P,P,163,0.8644157142857143,0.9630585714285714,0.889955,0.89559,163,0.92298,0.8144825,0.86266,0.8456725,163,0.97085,0.9725775,1.0084024999999999,1.0302324999999999
163,T,T,E,164,0.83845,0.9599,0.88541,0.92693,164,0.94709,0.8044,0.83924,0.85209,164,0.97908,0.97415,1.00105,1.03132
164,S,S,S,165,0.83523,0.96706,0.89126,0.92693,165,1.02269,0.87799,0.85599,0.85292,165,0.94212,0.99809,0.96703,0.98253
165,T,T,T,166,0.83668,0.97862,0.903,0.9222833333333333,166,1.02321,0.93068,0.92986,0.82938,166,0.93932,1.01762,0.97156,0.96275
166,P,P,P,167,0.9208149999999999,0.994855,0.91944,0.9176366666666667,167,0.98459,0.952035,0.9744299999999999,0.84041,167,0.9326000000000001,1.023905,0.99052,0.9665349999999999
167,E,E,E,168,1.00495,1.01109,0.93588,0.91299,168,0.94597,0.97339,1.019,0.85144,168,0.92588,1.03019,1.00948,0.97032
168,K,K,K,169,0.97345,1.00622,0.89716,0.89092,169,0.87326,0.99958,1.0561,0.76783,169,0.96496,1.03474,0.97653,0.97261
169,C,C,C,170,0.95346,1.01656,0.85844,0.86041,170,0.8684,1.0038,1.03013,0.74622,170,0.96257,1.03916,0.95586,0.96111
170,L,L,L,171,0.98882,1.00783,0.85431,0.85395,171,0.86379,0.98639,1.03437,0.68683,171,0.96363,1.06448,0.92368,0.93254
171,S,S,S,172,0.98851,1.02155,0.85287,0.85753,172,0.85848,0.96898,0.96137,0.74449,172,0.98253,1.02766,0.97505,0.95289
172,V,V,V,173,0.99341,1.00935,0.9070750000000001,0.885355,173,0.85779,1.01763,0.98853,0.7637,173,0.98002,1.02526,0.98658,0.96464
173,A,A,A,174,0.95507,1.03316,0.96128,0.91318,174,0.85079,0.98683,0.97522,0.79535,174,0.97903,1.00269,1.02381,0.99135
174,C,C,C,175,0.93638,1.01611,0.94226,0.914138,175,0.85781,0.9824133333333334,1.0850849999999999,0.773338,175,0.95113,1.031705,1.0115750000000001,0.994625
175,L,L,L,176,0.92028,1.00576,0.9472,0.915096,176,0.87204,0.9779966666666666,1.19495,0.7513259999999999,176,0.95123,1.06072,0.99934,0.9979
176,D,D,D,177,0.91658,0.97952,0.96698,0.9160539999999999,177,0.88006,0.97358,1.13754,0.729314,177,0.955365,1.0548533333333334,0.9851866666666667,0.9705066666666666
177,K,K,K,178,0.95814,0.97708,0.96788,0.9170119999999999,178,0.88686,1.01499,1.08013,0.707302,178,0.9595,1.0489866666666667,0.9710333333333333,0.9431133333333334
178,N,N,N,179,0.99083,0.98971,0.98132,0.91797,179,0.89222,1.01826,1.02272,0.68529,179,0.9595,1.04312,0.95688,0.91572
179,E,E,E,180,1.00414,0.98719,0.95884,0.93494,180,0.90101,0.99618,1.0037,0.795055,180,0.98965,1.015545,1.02172,0.96959
180,L,L,L,181,0.9955,0.98778,0.98481,0.94335,181,0.90821,0.94536,0.99352,0.90482,181,1.0198,0.98797,1.08656,1.02346
